Design method	Purpose	Guide design name	Meant to detect taxon	Start position in ADAPT alignment	Rank of expectation of predicted activity	Rank of ADAPT objective value	Target sequence at spacer	LwaCas13a crRNA
ADAPT	Comprehensiveness/Diversity	sars-species-30668	SARS-related species	30668	1	4	TCGGGAACGTGGTTGACCTACACAGGTG	5'-GAUUUAGACUACCCCAAAAACGAAGGGGACUAAAACCACCUGUGUAGGUCAACCACGUUCCCGA-3'
ADAPT	Comprehensiveness/Diversity	sars-species-30668	SARS-related species	30668	1	4	TTGGATGACAAAGATCCACAATTCAAAG	5'-GAUUUAGACUACCCCAAAAACGAAGGGGACUAAAACCUUUGAAUUGUGGAUCUUUGUCAUCCAA-3'
ADAPT	Comprehensiveness/Diversity	sars-species-26721	SARS-related species	26721	2	1	CGTTAATAGTTAATAGCGTACTTCTTTT	5'-GAUUUAGACUACCCCAAAAACGAAGGGGACUAAAACAAAAGAAGUACGCUAUUAACUAUUAACG-3'
ADAPT	Comprehensiveness/Diversity	sars-species-30215	SARS-related species	30215	3	8	GCGGCAGTCAAGCCTCTTCTCGCTCCTC	5'-GAUUUAGACUACCCCAAAAACGAAGGGGACUAAAACGAGGAGCGAGAAGAGGCUUGACUGCCGC-3'
ADAPT	Comprehensiveness/Diversity	sars-species-13599	SARS-related species	13599	4	2	CGGCTGTAGTTGTGATCAACTCCGCGAA	5'-GAUUUAGACUACCCCAAAAACGAAGGGGACUAAAACUUCGCGGAGUUGAUCACAACUACAGCCG-3'
ADAPT	Comprehensiveness/Diversity	sars-species-29865	SARS-related species	29865	5	6	TCGAGGACAAGGCGTTCCAATTAACACC	5'-GAUUUAGACUACCCCAAAAACGAAGGGGACUAAAACGGUGUUAAUUGGAACGCCUUGUCCUCGA-3'
ADAPT	Comprehensiveness/Diversity	sars-species-29865	SARS-related species	29865	5	6	TTCCCTCGAGGCCAGGGCGTTCCAATCA	5'-GAUUUAGACUACCCCAAAAACGAAGGGGACUAAAACUGAUUGGAACGCCCUGGCCUCGAGGGAA-3'
ADAPT	Comprehensiveness/Diversity	sars-species-14742	SARS-related species	14742	6	10	AGACTTAGTTTTAAGGAATTACTTGTGT	5'-GAUUUAGACUACCCCAAAAACGAAGGGGACUAAAACACACAAGUAAUUCCUUAAAACUAAGUCU-3'
ADAPT	Comprehensiveness/Diversity	sars-species-14742	SARS-related species	14742	6	10	TCAGTTTCAAGGAACTTTTAGTGTATGC	5'-GAUUUAGACUACCCCAAAAACGAAGGGGACUAAAACGCAUACACUAAAAGUUCCUUGAAACUGA-3'
ADAPT	Comprehensiveness/Diversity	sars-species-25867	SARS-related species	25867	7	9	ATACAAGCCTCACTCCCTTTCGGATGGC	5'-GAUUUAGACUACCCCAAAAACGAAGGGGACUAAAACGCCAUCCGAAAGGGAGUGAGGCUUGUAU-3'
ADAPT	Comprehensiveness/Diversity	sars-species-12445	SARS-related species	12445	8	3	CCATGCAACGTAAGTTGGAAAAGATGGC	5'-GAUUUAGACUACCCCAAAAACGAAGGGGACUAAAACGCCAUCUUUUCCAACUUACGUUGCAUGG-3'
ADAPT	Comprehensiveness/Diversity	sars-species-14894	SARS-related species	14894	9	7	TTCTTTAAGGAAGGAAGTTCTGTTGAAT	5'-GAUUUAGACUACCCCAAAAACGAAGGGGACUAAAACAUUCAACAGAACUUCCUUCCUUAAAGAA-3'
ADAPT	Comprehensiveness/Diversity	sars-species-31003	SARS-related species	31003	10	5	TCGCTTTTCCGTTTACGATATATAGTCT	5'-GAUUUAGACUACCCCAAAAACGAAGGGGACUAAAACAGACUAUAUAUCGUAAACGGAAAAGCGA-3'
ADAPT	Specificity	sars-cov-2-3434	SARS-CoV-2	3434	1	2	TGTTGGTCAACAAGACGGCAGTGAGGAC	5'-GAUUUAGACUACCCCAAAAACGAAGGGGACUAAAACGUCCUCACUGCCGUCUUGUUGACCAACA-3'
ADAPT	Specificity	sars-cov-2-25262	SARS-CoV-2	25262	2	1	CTCGGCGGGCACGTAGTGTAGCTAGTCA	5'-GAUUUAGACUACCCCAAAAACGAAGGGGACUAAAACUGACUAGCUACACUACGUGCCCGCCGAG-3'
ADAPT	Specificity	sars-cov-2-24522	SARS-CoV-2	24522	3	5	TTCAACTGAAATCTATCAGGCCGGTAGC	5'-GAUUUAGACUACCCCAAAAACGAAGGGGACUAAAACGCUACCGGCCUGAUAGAUUUCAGUUGAA-3'
ADAPT	Specificity	sars-cov-2-23107	SARS-CoV-2	23107	4	3	ACTAGTTCTTTCACACGTGGTGTTTATT	5'-GAUUUAGACUACCCCAAAAACGAAGGGGACUAAAACAAUAAACACCACGUGUGAAAGAACUAGU-3'
ADAPT	Specificity	sars-cov-2-23671	SARS-CoV-2	23671	5	4	CCTCAGGGTTTTTCGGCTTTAGAGCCAT	5'-GAUUUAGACUACCCCAAAAACGAAGGGGACUAAAACAUGGCUCUAAAGCCGAAAAACCCUGAGG-3'
Baseline	Control	sarscov2-cdcn1-rand1	SARS-CoV-2	NA	NA	NA	GGTGGACCCTCAGATTCAACTGGCAGTA	5'-GAUUUAGACUACCCCAAAAACGAAGGGGACUAAAACUACUGCCAGUUGAAUCUGAGGGUCCACC-3'
Baseline	Control	sarscov2-cdcn1-rand2	SARS-CoV-2	NA	NA	NA	GACCCCAAAATCAGCGAAATGCACCCCG	5'-GAUUUAGACUACCCCAAAAACGAAGGGGACUAAAACCGGGGUGCAUUUCGCUGAUUUUGGGGUC-3'
Baseline	Control	sarscov2-cdcn1-rand3	SARS-CoV-2	NA	NA	NA	GCATTACGTTTGGTGGACCCTCAGATTC	5'-GAUUUAGACUACCCCAAAAACGAAGGGGACUAAAACGAAUCUGAGGGUCCACCAAACGUAAUGC-3'
Baseline	Control	sarscov2-cdcn1-rand4	SARS-CoV-2	NA	NA	NA	TTACGTTTGGTGGACCCTCAGATTCAAC	5'-GAUUUAGACUACCCCAAAAACGAAGGGGACUAAAACGUUGAAUCUGAGGGUCCACCAAACGUAA-3'
Baseline	Control	sarscov2-cdcn1-rand5	SARS-CoV-2	NA	NA	NA	CCAAAATCAGCGAAATGCACCCCGCATT	5'-GAUUUAGACUACCCCAAAAACGAAGGGGACUAAAACAAUGCGGGGUGCAUUUCGCUGAUUUUGG-3'
Baseline	Control	sarscov2-cdcn1-rand6	SARS-CoV-2	NA	NA	NA	CCCCAAAATCAGCGAAATGCACCCCGCA	5'-GAUUUAGACUACCCCAAAAACGAAGGGGACUAAAACUGCGGGGUGCAUUUCGCUGAUUUUGGGG-3'
Baseline	Control	sarscov2-cdcn1-rand7	SARS-CoV-2	NA	NA	NA	ACCCCAAAATCAGCGAAATGCACCCCGC	5'-GAUUUAGACUACCCCAAAAACGAAGGGGACUAAAACGCGGGGUGCAUUUCGCUGAUUUUGGGGU-3'
Baseline	Control	sarscov2-cdcn1-rand8	SARS-CoV-2	NA	NA	NA	CCGCATTACGTTTGGTGGACCCTCAGAT	5'-GAUUUAGACUACCCCAAAAACGAAGGGGACUAAAACAUCUGAGGGUCCACCAAACGUAAUGCGG-3'
Baseline	Control	sarscov2-cdcn1-rand9	SARS-CoV-2	NA	NA	NA	GTGGACCCTCAGATTCAACTGGCAGTAA	5'-GAUUUAGACUACCCCAAAAACGAAGGGGACUAAAACUUACUGCCAGUUGAAUCUGAGGGUCCAC-3'
Baseline	Control	sarscov2-cdcn1-rand10	SARS-CoV-2	NA	NA	NA	AGCGAAATGCACCCCGCATTACGTTTGG	5'-GAUUUAGACUACCCCAAAAACGAAGGGGACUAAAACCCAAACGUAAUGCGGGGUGCAUUUCGCU-3'
Baseline	Control	sarscov2-cdcn1-qpcr	SARS-CoV-2	NA	NA	NA	GCACCCCGCATTACGTTTGGTGGACCCT	5'-GAUUUAGACUACCCCAAAAACGAAGGGGACUAAAACAGGGUCCACCAAACGUAAUGCGGGGUGC-3'
ADAPT	Comparison to Baseline	sarscov2-cdcn1-adapt	SARS-CoV-2	NA	NA	NA	CCCCGCATTACGTTTGGTGGACCCTCAG	5'-GAUUUAGACUACCCCAAAAACGAAGGGGACUAAAACCUGAGGGUCCACCAAACGUAAUGCGGGG-3'
Baseline	Control	sarscov2-cdcn2-rand1	SARS-CoV-2	NA	NA	NA	CATTGGCCGCAAATTGCACAATTTGCCC	5'-GAUUUAGACUACCCCAAAAACGAAGGGGACUAAAACGGGCAAAUUGUGCAAUUUGCGGCCAAUG-3'
Baseline	Control	sarscov2-cdcn2-rand2	SARS-CoV-2	NA	NA	NA	AATCAGACAAGGAACTGATTACAAACAT	5'-GAUUUAGACUACCCCAAAAACGAAGGGGACUAAAACAUGUUUGUAAUCAGUUCCUUGUCUGAUU-3'
Baseline	Control	sarscov2-cdcn2-rand3	SARS-CoV-2	NA	NA	NA	TGCCCCCAGCGCTTCAGCGTTCTTCGGA	5'-GAUUUAGACUACCCCAAAAACGAAGGGGACUAAAACUCCGAAGAACGCUGAAGCGCUGGGGGCA-3'
Baseline	Control	sarscov2-cdcn2-rand4	SARS-CoV-2	NA	NA	NA	AATTTTGGGGACCAGGAACTAATCAGAC	5'-GAUUUAGACUACCCCAAAAACGAAGGGGACUAAAACGUCUGAUUAGUUCCUGGUCCCCAAAAUU-3'
Baseline	Control	sarscov2-cdcn2-rand5	SARS-CoV-2	NA	NA	NA	GGGGACCAGGAACTAATCAGACAAGGAA	5'-GAUUUAGACUACCCCAAAAACGAAGGGGACUAAAACUUCCUUGUCUGAUUAGUUCCUGGUCCCC-3'
Baseline	Control	sarscov2-cdcn2-rand6	SARS-CoV-2	NA	NA	NA	AACATTGGCCGCAAATTGCACAATTTGC	5'-GAUUUAGACUACCCCAAAAACGAAGGGGACUAAAACGCAAAUUGUGCAAUUUGCGGCCAAUGUU-3'
Baseline	Control	sarscov2-cdcn2-rand7	SARS-CoV-2	NA	NA	NA	TACAAACATTGGCCGCAAATTGCACAAT	5'-GAUUUAGACUACCCCAAAAACGAAGGGGACUAAAACAUUGUGCAAUUUGCGGCCAAUGUUUGUA-3'
Baseline	Control	sarscov2-cdcn2-rand8	SARS-CoV-2	NA	NA	NA	ACAAACATTGGCCGCAAATTGCACAATT	5'-GAUUUAGACUACCCCAAAAACGAAGGGGACUAAAACAAUUGUGCAAUUUGCGGCCAAUGUUUGU-3'
Baseline	Control	sarscov2-cdcn2-rand9	SARS-CoV-2	NA	NA	NA	TGATTACAAACATTGGCCGCAAATTGCA	5'-GAUUUAGACUACCCCAAAAACGAAGGGGACUAAAACUGCAAUUUGCGGCCAAUGUUUGUAAUCA-3'
Baseline	Control	sarscov2-cdcn2-rand10	SARS-CoV-2	NA	NA	NA	CGCAAATTGCACAATTTGCCCCCAGCGC	5'-GAUUUAGACUACCCCAAAAACGAAGGGGACUAAAACGCGCUGGGGGCAAAUUGUGCAAUUUGCG-3'
Baseline	Control	sarscov2-cdcn2-qpcr	SARS-CoV-2	NA	NA	NA	AAATTGCACAATTTGCCCCCAGCGCTTC	5'-GAUUUAGACUACCCCAAAAACGAAGGGGACUAAAACGAAGCGCUGGGGGCAAAUUGUGCAAUUU-3'
ADAPT	Comparison to Baseline	sarscov2-cdcn2-adapt	SARS-CoV-2	NA	NA	NA	CCAGGAACTAATCAGACAAGGAACTGAT	5'-GAUUUAGACUACCCCAAAAACGAAGGGGACUAAAACAUCAGUUCCUUGUCUGAUUAGUUCCUGG-3'
ADAPT	Comprehensiveness/Diversity	sars-cov-2-related-26406	SARS-CoV-2-related	26406	1	2	AATTCTTCTAGAGTTCCTGATCTTTTGG	5'-GAUUUAGACUACCCCAAAAACGAAGGGGACUAAAACCCAAAAGAUCAGGAACUCUAGAAGAAUU-3'
ADAPT	Comprehensiveness/Diversity	sars-cov-2-related-27072	SARS-CoV-2-related	27072	2	3	TTGGGAGCTTCGCAGCGTGTAGCAGGTG	5'-GAUUUAGACUACCCCAAAAACGAAGGGGACUAAAACCACCUGCUACACGCUGCGAAGCUCCCAA-3'
ADAPT	Comprehensiveness/Diversity	sars-cov-2-related-25387	SARS-CoV-2-related	25387	3	7	TCAGATTTTGTTCGCGCTACTGCAACGA	5'-GAUUUAGACUACCCCAAAAACGAAGGGGACUAAAACUCGUUGCAGUAGCGCGAACAAAAUCUGA-3'
ADAPT	Comprehensiveness/Diversity	sars-cov-2-related-7403	SARS-CoV-2-related	7403	4	10	CTTTTTCGCATCATTTTATTATGTGTGG	5'-GAUUUAGACUACCCCAAAAACGAAGGGGACUAAAACCCACACAUAAUAAAAUGAUGCGAAAAAG-3'
ADAPT	Comprehensiveness/Diversity	sars-cov-2-related-7403	SARS-CoV-2-related	7403	4	10	GCATGTTGTAGACGGTTGTAATTCATCA	5'-GAUUUAGACUACCCCAAAAACGAAGGGGACUAAAACUGAUGAAUUACAACCGUCUACAACAUGC-3'
ADAPT	Comprehensiveness/Diversity	sars-cov-2-related-29499	SARS-CoV-2-related	29499	5	1	AATTGCAACAATCCATGAGCAGTGCTGA	5'-GAUUUAGACUACCCCAAAAACGAAGGGGACUAAAACUCAGCACUGCUCAUGGAUUGUUGCAAUU-3'
ADAPT	Comprehensiveness/Diversity	sars-cov-2-related-11243	SARS-CoV-2-related	11243	6	6	TATTATGACATGGTTGGATATGGTTGAT	5'-GAUUUAGACUACCCCAAAAACGAAGGGGACUAAAACAUCAACCAUAUCCAACCAUGUCAUAAUA-3'
ADAPT	Comprehensiveness/Diversity	sars-cov-2-related-27243	SARS-CoV-2-related	27243	7	9	AAATTTATCTAAGTCACTAACTGAGAAT	5'-GAUUUAGACUACCCCAAAAACGAAGGGGACUAAAACAUUCUCAGUUAGUGACUUAGAUAAAUUU-3'
ADAPT	Comprehensiveness/Diversity	sars-cov-2-related-13430	SARS-CoV-2-related	13430	8	4	CATGCTTCAGTCAGCTGATGCACAATCG	5'-GAUUUAGACUACCCCAAAAACGAAGGGGACUAAAACCGAUUGUGCAUCAGCUGACUGAAGCAUG-3'
ADAPT	Comprehensiveness/Diversity	sars-cov-2-related-29206	SARS-CoV-2-related	29206	9	5	CAGCGCTTCAGCGTTCTTCGGAATGTCG	5'-GAUUUAGACUACCCCAAAAACGAAGGGGACUAAAACCGACAUUCCGAAGAACGCUGAAGCGCUG-3'
ADAPT	Comprehensiveness/Diversity	sars-cov-2-related-28591	SARS-CoV-2-related	28591	10	8	ATCTGGGAACTGGACCAGAAGCTGGACT	5'-GAUUUAGACUACCCCAAAAACGAAGGGGACUAAAACAGUCCAGCUUCUGGUCCAGUUCCCAGAU-3'
ADAPT	Comprehensiveness/Diversity	enterovirus-b-5212	Enterovirus B	5212	1	1	CCATGTACAGTCAAAATGGCAAGATAAA	5'-GAUUUAGACUACCCCAAAAACGAAGGGGACUAAAACUUUAUCUUGCCAUUUUGACUGUACAUGG-3'
ADAPT	Comprehensiveness/Diversity	enterovirus-b-5212	Enterovirus B	5212	1	1	TCTCGATGTATAGCCAGAATGGCAAGAT	5'-GAUUUAGACUACCCCAAAAACGAAGGGGACUAAAACAUCUUGCCAUUCUGGCUAUACAUCGAGA-3'
Entropy-based	Baseline	enterovirus-b-5212naive	Enterovirus B	5212	1	1	GGTTCCACTTTGACATGAATATCGAGGT	5'-GAUUUAGACUACCCCAAAAACGAAGGGGACUAAAACACCUCGAUAUUCAUGUCAAAGUGGAACC-3'
Entropy-based	Baseline	enterovirus-b-5212naive	Enterovirus B	5212	1	1	AGGAGGTTCCACTTTGACATGAATATCG	5'-GAUUUAGACUACCCCAAAAACGAAGGGGACUAAAACCGAUAUUCAUGUCAAAGUGGAACCUCCU-3'
ADAPT	Comprehensiveness/Diversity	enterovirus-b-6565	Enterovirus B	6565	2	8	CACCCTAGACATCAGCACTGAACCAATG	5'-GAUUUAGACUACCCCAAAAACGAAGGGGACUAAAACCAUUGGUUCAGUGCUGAUGUCUAGGGUG-3'
ADAPT	Comprehensiveness/Diversity	enterovirus-b-6565	Enterovirus B	6565	2	8	CCATGAAACTGGAGGATGCTGTCTATGG	5'-GAUUUAGACUACCCCAAAAACGAAGGGGACUAAAACCCAUAGACAGCAUCCUCCAGUUUCAUGG-3'
ADAPT	Comprehensiveness/Diversity	enterovirus-b-6565	Enterovirus B	6565	2	8	TTTGGACATCAGCACGGAGCCCATGAAG	5'-GAUUUAGACUACCCCAAAAACGAAGGGGACUAAAACCUUCAUGGGCUCCGUGCUGAUGUCCAAA-3'
Entropy-based	Baseline	enterovirus-b-6565naive	Enterovirus B	6565	2	8	AATGTAAACACCCACGTGGATGAGTACA	5'-GAUUUAGACUACCCCAAAAACGAAGGGGACUAAAACUGUACUCAUCCACGUGGGUGUUUACAUU-3'
ADAPT	Comprehensiveness/Diversity	enterovirus-b-7444	Enterovirus B	7444	3	4	TTTCAATGAAGTCACCTGGACTAATGTC	5'-GAUUUAGACUACCCCAAAAACGAAGGGGACUAAAACGACAUUAGUCCAGGUGACUUCAUUGAAA-3'
ADAPT	Comprehensiveness/Diversity	enterovirus-b-7444	Enterovirus B	7444	3	4	TTTCAATGAGGTGACCTGGACAAATGTG	5'-GAUUUAGACUACCCCAAAAACGAAGGGGACUAAAACCACAUUUGUCCAGGUCACCUCAUUGAAA-3'
ADAPT	Comprehensiveness/Diversity	enterovirus-b-7444	Enterovirus B	7444	3	4	TTTTCAATGAGGTGACATGGACCAACGT	5'-GAUUUAGACUACCCCAAAAACGAAGGGGACUAAAACACGUUGGUCCAUGUCACCUCAUUGAAAA-3'
Entropy-based	Baseline	enterovirus-b-7444naive	Enterovirus B	7444	3	4	TGCCTATTAGCCTGGCACAACGGGGAGC	5'-GAUUUAGACUACCCCAAAAACGAAGGGGACUAAAACGCUCCCCGUUGUGCCAGGCUAAUAGGCA-3'
Entropy-based	Baseline	enterovirus-b-7444naive	Enterovirus B	7444	3	4	GTGCCTATTAGCCTGGCACAACGGGGAG	5'-GAUUUAGACUACCCCAAAAACGAAGGGGACUAAAACCUCCCCGUUGUGCCAGGCUAAUAGGCAC-3'
ADAPT	Comprehensiveness/Diversity	enterovirus-b-6058	Enterovirus B	6058	4	2	CGGAGGTCAATGAGGCCGTGCTTGCCAT	5'-GAUUUAGACUACCCCAAAAACGAAGGGGACUAAAACAUGGCAAGCACGGCCUCAUUGACCUCCG-3'
ADAPT	Comprehensiveness/Diversity	enterovirus-b-6058	Enterovirus B	6058	4	2	TCGAGGTGAATGAAGCCGTCCTGGCAAT	5'-GAUUUAGACUACCCCAAAAACGAAGGGGACUAAAACAUUGCCAGGACGGCUUCAUUCACCUCGA-3'
Entropy-based	Baseline	enterovirus-b-6058naive	Enterovirus B	6058	4	2	AACACTAGCAAGTTTCCAAACATGTACA	5'-GAUUUAGACUACCCCAAAAACGAAGGGGACUAAAACUGUACAUGUUUGGAAACUUGCUAGUGUU-3'
Entropy-based	Baseline	enterovirus-b-6058naive	Enterovirus B	6058	4	2	ATTAACACTAGCAAGTTTCCAAACATGT	5'-GAUUUAGACUACCCCAAAAACGAAGGGGACUAAAACACAUGUUUGGAAACUUGCUAGUGUUAAU-3'
ADAPT	Comprehensiveness/Diversity	enterovirus-b-7088	Enterovirus B	7088	5	6	ATTCACACAAGGAGACAAATTACATCGA	5'-GAUUUAGACUACCCCAAAAACGAAGGGGACUAAAACUCGAUGUAAUUUGUCUCCUUGUGUGAAU-3'
ADAPT	Comprehensiveness/Diversity	enterovirus-b-7088	Enterovirus B	7088	5	6	GCACAAAGAGACTAACTACATAGACTAC	5'-GAUUUAGACUACCCCAAAAACGAAGGGGACUAAAACGUAGUCUAUGUAGUUAGUCUCUUUGUGC-3'
Entropy-based	Baseline	enterovirus-b-7088naive	Enterovirus B	7088	5	6	CACTTATACAGGGACAAACACTACTTTG	5'-GAUUUAGACUACCCCAAAAACGAAGGGGACUAAAACCAAAGUAGUGUUUGUCCCUGUAUAAGUG-3'
ADAPT	Comprehensiveness/Diversity	enterovirus-b-5576	Enterovirus B	5576	6	10	AAGGATGGCTGGTACCAGAGGTCAACTC	5'-GAUUUAGACUACCCCAAAAACGAAGGGGACUAAAACGAGUUGACCUCUGGUACCAGCCAUCCUU-3'
ADAPT	Comprehensiveness/Diversity	enterovirus-b-5576	Enterovirus B	5576	6	10	AGGGATGGTTAGTGCCTGAGATCAATTC	5'-GAUUUAGACUACCCCAAAAACGAAGGGGACUAAAACGAAUUGAUCUCAGGCACUAACCAUCCCU-3'
Entropy-based	Baseline	enterovirus-b-5576naive	Enterovirus B	5576	6	10	GAGAGTACTGTAAGGAGAAGGGATGGCT	5'-GAUUUAGACUACCCCAAAAACGAAGGGGACUAAAACAGCCAUCCCUUCUCCUUACAGUACUCUC-3'
ADAPT	Comprehensiveness/Diversity	enterovirus-b-5832	Enterovirus B	5832	7	7	CAGTACTGTGAAGACCGAGTACGGTGAG	5'-GAUUUAGACUACCCCAAAAACGAAGGGGACUAAAACCUCACCGUACUCGGUCUUCACAGUACUG-3'
ADAPT	Comprehensiveness/Diversity	enterovirus-b-5832	Enterovirus B	5832	7	7	TCACAGTGAAGACAGAGTATGGTGAGTT	5'-GAUUUAGACUACCCCAAAAACGAAGGGGACUAAAACAACUCACCAUACUCUGUCUUCACUGUGA-3'
Entropy-based	Baseline	enterovirus-b-5832naive	Enterovirus B	5832	7	7	GTGGCAATGATGAAAAGGAATGCTAGCA	5'-GAUUUAGACUACCCCAAAAACGAAGGGGACUAAAACUGCUAGCAUUCCUUUUCAUCAUUGCCAC-3'
ADAPT	Comprehensiveness/Diversity	enterovirus-b-4733	Enterovirus B	4733	8	3	TGAGGCAAAAAGGGTGTTTTCCCTTGAG	5'-GAUUUAGACUACCCCAAAAACGAAGGGGACUAAAACCUCAAGGGAAAACACCCUUUUUGCCUCA-3'
ADAPT	Comprehensiveness/Diversity	enterovirus-b-4733	Enterovirus B	4733	8	3	TGCTGCTGAGGCAAAGAGAGTGTTCTCC	5'-GAUUUAGACUACCCCAAAAACGAAGGGGACUAAAACGGAGAACACUCUCUUUGCCUCAGCAGCA-3'
Entropy-based	Baseline	enterovirus-b-4733naive	Enterovirus B	4733	8	3	GAAAATGAGCAATTACATACAGTTCAAG	5'-GAUUUAGACUACCCCAAAAACGAAGGGGACUAAAACCUUGAACUGUAUGUAAUUGCUCAUUUUC-3'
Entropy-based	Baseline	enterovirus-b-4733naive	Enterovirus B	4733	8	3	AAGAAAATGAGCAATTACATACAGTTCA	5'-GAUUUAGACUACCCCAAAAACGAAGGGGACUAAAACUGAACUGUAUGUAAUUGCUCAUUUUCUU-3'
ADAPT	Comprehensiveness/Diversity	enterovirus-b-304	Enterovirus B	304	9	5	AACATCATGGAGGTTGCGCAGTGTTTCG	5'-GAUUUAGACUACCCCAAAAACGAAGGGGACUAAAACCGAAACACUGCGCAACCUCCAUGAUGUU-3'
Entropy-based	Baseline	enterovirus-b-304naive	Enterovirus B	304	9	5	CCCAGTGTAGATCAGGTCGATGAGTCAC	5'-GAUUUAGACUACCCCAAAAACGAAGGGGACUAAAACGUGACUCAUCGACCUGAUCUACACUGGG-3'
Entropy-based	Baseline	enterovirus-b-304naive	Enterovirus B	304	9	5	CCCCAGTGTAGATCAGGTCGATGAGTCA	5'-GAUUUAGACUACCCCAAAAACGAAGGGGACUAAAACUGACUCAUCGACCUGAUCUACACUGGGG-3'
ADAPT	Comprehensiveness/Diversity	enterovirus-b-512	Enterovirus B	512	10	9	GGGAATGCGGCTAATCTTACATGCGCAG	5'-GAUUUAGACUACCCCAAAAACGAAGGGGACUAAAACCUGCGCAUGUAAGAUUAGCCGCAUUCCC-3'
Entropy-based	Baseline	enterovirus-b-512naive	Enterovirus B	512	10	9	CTGTCGTAATGGGCAACTCTGCAGCGGA	5'-GAUUUAGACUACCCCAAAAACGAAGGGGACUAAAACUCCGCUGCAGAGUUGCCCAUUACGACAG-3'
Experimental Validation	Positive Control	adapt-pos-control	All	NA	NA	NA	GCTCTAGCGACTTCTTTAAATAGTGGCT	5'-GAUUUAGACUACCCCAAAAACGAAGGGGACUAAAACAGCCACUAUUUAAAGAAGUCGCUAGAGC-3'